
INSERT INTO puzzles (id, size, cert) VALUES 
(0, 5, 'zooms,arson,prada,**ker,**asl'),
(1, 5, '*bane,*omar,frost,ter**,cry**');

INSERT INTO words (id, text) VALUES
(0, 'zooms'),
(1, 'arson'),
(2, 'prada'),
(3, 'ker'),
(4, 'asl'),
(5, 'zap'),
(6, 'orr'),
(7, 'osaka'),
(8, 'modes'),
(9, 'snarl'),
(10, 'bane'),
(11, 'omar'),
(12, 'frost'),
(13, 'ter'),
(14, 'cry'),
(15, 'ftc'),
(16, 'borer'),
(17, 'amory'),
(18, 'nas'),
(19, 'ert');

INSERT INTO padded_words (id, word_id, text) VALUES 
(0, 0, 'zooms'),
(1,1,'arson'),
(2,2,'prada'),
(3,3,'**ker'),
(4,4,'**asl'),
(5,5,'zap**'),
(6,6,'orr**'),
(7,7,'osaka'),
(8,8,'modes'),
(9,9,'snarl'),
(10,10,'*bane'),
(11,11,'*omar'),
(12,12,'frost'),
(13,13,'ter**'),
(14,14,'cry**'),
(15,15,'**ftc'),
(16,16,'borer'),
(17,17,'amory'),
(18,18,'nas**'),
(19,19,'ert**');

INSERT INTO puzzle_words (puzzle_id, padded_word_id, clue, across, idx) VALUES 
(0, 0, 'Speeds up rapidly', TRUE, 0),
(0, 1, 'Set fire to intentionally',TRUE, 1),
(0, 2, 'Luxury fashion brand',TRUE, 2),
(0, 3, 'Sound a goat makes',TRUE, 3),
(0, 4, 'Sign language abbreviation',TRUE, 4),
(0, 5, 'Electric shock or sudden burst', FALSE, 0),
(0, 6,  'Irish mythical creature',FALSE, 1),
(0, 7, 'City in Japan famous for food', FALSE, 2),
(0, 8, 'styles or fashions',FALSE, 3),
(0, 9, 'Growls with displeasure', FALSE, 4),
(1, 10, 'source of ruin', TRUE, 0),
(1, 11, 'Arab given name', TRUE, 1),
(1, 12, 'Thin coating on plants in cold weather', TRUE, 2),
(1, 13, 'Turkish for sweat', TRUE, 3),
(1, 14, 'sound of distress', TRUE, 4),
(1, 15, 'U.S. regulator of advertising and consumer protection', FALSE, 0),
(1, 16, 'insect that tunnels throug wood',  FALSE, 1),
(1, 17, 'archaic term for love', FALSE, 2),
(1, 18, 'abb. for Nation Academy of Sciences', FALSE, 3),
(1, 19, 'Disaster-response team, abbr.', FALSE, 4);
